{"sections":{"image_banner":{"type":"image-banner","blocks":{"heading":{"type":"heading","settings":{"heading":"Browse our latest products","heading_size":"h0"}},"button":{"type":"buttons","settings":{"button_label_1":"Shop all","button_link_1":"shopify:\/\/collections\/all","button_style_secondary_1":true,"button_label_2":"","button_link_2":"","button_style_secondary_2":false}}},"block_order":["heading","button"],"disabled":true,"settings":{"image_overlay_opacity":40,"image_height":"large","desktop_content_position":"bottom-center","show_text_box":false,"desktop_content_alignment":"center","color_scheme":"inverse","image_behavior":"none","mobile_content_alignment":"center","stack_images_on_mobile":false,"show_text_below":false}},"featured_collection":{"type":"featured-collection","disabled":true,"settings":{"title":"Featured products","heading_size":"h2","description":"","show_description":false,"description_style":"body","collection":"all","products_to_show":8,"columns_desktop":4,"full_width":false,"show_view_all":true,"view_all_style":"solid","enable_desktop_slider":false,"color_scheme":"background-1","image_ratio":"adapt","image_shape":"default","show_secondary_image":true,"show_vendor":false,"show_rating":false,"enable_quick_add":false,"columns_mobile":"2","swipe_on_mobile":false,"padding_top":44,"padding_bottom":36}},"5e53a6f2-3526-442d-8d88-2e60ae42c4f8":{"type":"test-logo-with-text","settings":{"logo-list":"<svg xmlns=\"http:\/\/www.w3.org\/2000\/svg\" width=\"80\" height=\"80\" viewbox=\"0 0 80 80\" fill=\"none\">\n<path d=\"M30 59.5605H50\" stroke=\"#A7C610\" stroke-width=\"2\" stroke-linecap=\"round\" stroke-linejoin=\"round\"><\/path>\n<path d=\"M52.5286 20.3285H27.1428C25.5649 20.3285 24.2857 21.6077 24.2857 23.1856V65.0428C24.2857 66.6207 25.5649 67.8999 27.1428 67.8999H52.5286C54.1065 67.8999 55.3857 66.6207 55.3857 65.0428V23.1856C55.3857 21.6077 54.1065 20.3285 52.5286 20.3285Z\" stroke=\"#575757\" stroke-width=\"2\" stroke-linecap=\"round\" stroke-linejoin=\"round\"><\/path>\n<path d=\"M47.0572 15.4572H33.5858V20.3286H47.0572V15.4572Z\" stroke=\"#575757\" stroke-width=\"1.65\" stroke-linecap=\"round\" stroke-linejoin=\"round\"><\/path>\n<\/svg>","image_position":"row","heading_text":"<p>Symptom-Check:<\/p><p>Müdigkeit und Erschöpfung<\/p>","heading_font_size":16,"heading_font_weight":400,"heading_text_color":"","paragraph_text":"<p>Rund ein Drittel der Deutschen gibt in Umfragen an, unter starker Müdigkeit zu leiden. Nicht immer liegt das daran, dass wir schlecht schlafen – es gibt viele mögliche Ursachen. Ein häufiger Grund ist zum Beispiel zu wenig Vitamin D. Nach Untersuchungen des Robert-Koch-Instituts sind rund 62 Prozent der Deutschen nicht ausreichend mit dem Vitamin versorgt. Wenn Sie ständig müde sind, lohnt es sich deswegen, mit einem Vitamin-D-Test anzufangen und dann bei niedrigen Werten mit Nahrungsergänzungsmitteln gegenzusteuern.<br\/>Auf dieser Seite empfehlen wir Ihnen außerdem weitere Tests, mit denen Sie Ihrer Müdigkeit auf die Spur gehen können. Klicken Sie unten an, welche weiteren Symptome und Probleme auf Sie zutreffen und erhalten Sie darauf zugeschnittene Empfehlungen.<\/p>","paragraph_text_color":"","button_text":"Click Me Away","button_url":"","button_background_color":"","button_text_color":"","button_hover_color":"","button_alignment":"text-left","background_color":"","text_alignment":"left","padding_top":53,"padding_bottom":0}},"9c832f1e-0e45-4d21-aaea-091d5cdf33a1":{"type":"test-tab-switch","blocks":{"7dd9004e-98a4-4948-a3f7-702b7e196b22":{"type":"collection-tab","settings":{"collection_image_logo":"sdsfd","collection_heading":"tab1","collection_slideheading":"Passend zu Ihrer Auswahl:","collection_id":"cashmeer-blends"}},"ef15ad3d-ac31-4257-97ce-79ac9bbc53e0":{"type":"collection-tab","settings":{"collection_image_logo":"tabb","collection_heading":"tab2","collection_slideheading":"Passend zu Ihre:","collection_id":"bottoms"}},"cae71269-b071-4818-af1a-02217ae99398":{"type":"collection-tab","settings":{"collection_image_logo":"Schwach und Blass","collection_heading":"Schwach und Blass","collection_slideheading":"","collection_id":"black-wera"}}},"block_order":["7dd9004e-98a4-4948-a3f7-702b7e196b22","ef15ad3d-ac31-4257-97ce-79ac9bbc53e0","cae71269-b071-4818-af1a-02217ae99398"],"settings":{"heading_text":"","product_limit":3,"section_heading":"Wählen Sie Eigenschaften aus, die auf Sie zutreffen","section_subheading":"Wir empfehlen Ihnen dann die passenden Produkte, um das Problem anzugehen!"}}},"order":["image_banner","featured_collection","5e53a6f2-3526-442d-8d88-2e60ae42c4f8","9c832f1e-0e45-4d21-aaea-091d5cdf33a1"]}